<?xml version="1.0" encoding="utf-8"?>
<odoo>
   <data noupdate="1">

        <record id="total_notify_template_cron" model="ir.cron">
           <field name="name">Lists Reminders</field>
           <field name="model_id" ref="total_notify.model_total_notify"/>
           <field name="state">code</field>
           <field name="code">model.send_reminders()</field>
           <field name="user_id" ref="base.user_root"/>
           <field name="interval_number">1</field>
           <field name="interval_type">days</field>
           <field name="numbercall">-1</field>
           <field name="doall">True</field>
        </record>

    </data>
</odoo>
