<?xml version="1.0" encoding="utf-8"?>
<odoo>

    <record id="module_total_notify" model="ir.module.category">
        <field name="name">Lists Reminder</field>
        <field name="sequence">1000</field>
    </record>

    <record id="group_total_notify_manager" model="res.groups">
        <field name="name">Lists Reminder Manager</field>
        <field name="category_id" ref="total_notify.module_total_notify"/>
        <field name="implied_ids" eval="[(4, ref('base.group_user'))]"/>
    </record>

</odoo>
